iteration,wins,losses,draws,score,LmrCoefficient,LmrCoefficient_spin,LmrBase,LmrBase_spin,LmrTtPvReduction,LmrTtPvReduction_spin,LmrHistoryNumerator,LmrHistoryNumerator_spin,RfpMarginPerDepth,RfpMarginPerDepth_spin,RfpTtPvMargin,RfpTtPvMargin_spin,FutilityBaseMargin,FutilityBaseMargin_spin,FutilityMarginPerDepth,FutilityMarginPerDepth_spin
1,6,4,6,2,2874.3074,2874,983.8902,984,1025.4177,1025,439.6692,440,104.8708,105,21.0692,21,123.8246,124,109.1754,109
2,4,5,7,-1,2875.5243,2876,984.8871,985,1024.6700,1025,440.0220,440,104.9389,105,21.0327,21,123.9171,124,109.2678,109
3,7,3,6,4,2880.5133,2881,988.9741,989,1027.7353,1028,438.5752,439,104.6595,105,21.1824,21,124.2963,124,109.6470,110
4,4,6,6,-2,2877.9856,2878,991.0448,991,1029.2883,1029,437.8422,438,104.8011,105,21.1066,21,124.4884,124,109.4549,109
5,4,5,7,-1,2876.7128,2877,992.0875,992,1030.0704,1030,437.4731,437,104.8724,105,21.0684,21,124.5851,125,109.3582,109
6,2,6,8,-4,2871.6042,2872,996.2725,996,1026.9317,1027,438.9545,439,104.5863,105,20.9151,21,124.9734,125,109.7464,110
7,5,4,7,1,2872.8825,2873,997.3197,997,1027.7170,1028,439.3252,439,104.5147,105,20.9535,21,125.0705,125,109.6493,110
8,4,4,8,0,2872.8825,2873,997.3197,997,1027.7170,1028,439.3252,439,104.5147,105,20.9535,21,125.0705,125,109.6493,110
9,3,6,7,-3,2876.7060,2877,994.1874,994,1030.0662,1030,438.2164,438,104.3006,104,20.8388,21,125.3611,125,109.9399,110
10,6,1,9,5,2870.3528,2870,999.3920,999,1026.1628,1026,440.0589,440,103.9448,104,21.0294,21,125.8440,126,110.4227,110
11,1,3,12,-2,2867.8210,2868,1001.4660,1001,1024.6073,1025,440.7931,441,104.0866,104,21.1053,21,126.0364,126,110.2303,110
12,7,2,7,5,2874.1233,2874,1006.6288,1007,1028.4794,1028,438.9654,439,103.7337,104,21.2944,21,126.5153,127,109.7513,110
13,4,2,10,2,2871.6143,2872,1008.6842,1009,1030.0209,1030,438.2378,438,103.5932,104,21.3696,21,126.7060,127,109.5606,110
14,3,5,8,-2,2869.1179,2869,1010.7292,1011,1028.4872,1028,437.5138,438,103.7330,104,21.2948,21,126.8958,127,109.3709,109
15,4,4,8,0,2869.1179,2869,1010.7292,1011,1028.4872,1028,437.5138,438,103.7330,104,21.2948,21,126.8958,127,109.3709,109
16,2,5,9,-3,2865.4137,2865,1007.6948,1008,1026.2113,1026,438.5881,439,103.5255,104,21.1836,21,126.6142,127,109.0894,109
17,5,4,7,1,2864.1860,2864,1006.6890,1007,1025.4570,1025,438.9441,439,103.5943,104,21.1468,21,126.5209,127,108.9961,109
18,3,7,6,-4,2859.3035,2859,1002.6893,1003,1028.4568,1028,437.5282,438,103.3209,103,21.0003,21,126.1499,126,109.3672,109
19,3,5,8,-2,2856.8766,2857,1000.7012,1001,1029.9479,1030,436.8244,437,103.1849,103,20.9275,21,126.3343,126,109.5516,110
20,4,5,7,-1,2855.6704,2856,999.7130,1000,1029.2068,1029,436.4746,436,103.1174,103,20.9637,21,126.4260,126,109.4599,109
21,4,2,10,2,2853.2724,2853,997.7486,998,1027.7335,1028,437.1700,437,102.9831,103,21.0356,21,126.6082,127,109.2777,109
22,6,3,7,3,2849.6971,2850,994.8197,995,1029.9301,1030,436.1332,436,103.1833,103,21.1429,21,126.3365,126,109.0060,109
23,8,5,3,3,2846.1435,2846,997.7309,998,1027.7468,1028,437.1637,437,102.9843,103,21.0363,21,126.6066,127,108.7359,109
24,5,2,9,3,2849.6756,2850,994.8374,995,1029.9169,1030,436.1394,436,102.7865,103,21.1423,21,126.3381,126,109.0043,109
25,3,6,7,-3,2853.1862,2853,991.9614,992,1032.0738,1032,437.1575,437,102.9831,103,21.0369,21,126.0713,126,108.7375,109
26,3,5,8,-2,2850.8600,2851,993.8671,994,1033.5031,1034,436.4829,436,102.8529,103,20.9671,21,126.2481,126,108.5607,109
27,7,2,7,5,2845.0794,2845,989.1317,989,1029.9515,1030,438.1592,438,102.5291,103,21.1406,21,125.8088,126,109.0000,109
28,2,5,9,-3,2848.5269,2849,986.3075,986,1027.8334,1028,439.1590,439,102.3361,102,21.0371,21,125.5468,126,108.7380,109
29,9,3,4,6,2855.3805,2855,991.9220,992,1032.0443,1032,437.1715,437,101.9523,102,21.2427,21,126.0677,126,108.2172,108
30,3,6,7,-3,2851.9741,2852,989.1315,989,1034.1371,1034,436.1836,436,101.7615,102,21.1406,21,125.8088,126,107.9583,108
31,1,8,7,-7,2844.0731,2844,995.6040,996,1029.2827,1029,438.4749,438,101.3191,101,21.3776,21,125.2083,125,107.3578,107
32,3,3,10,0,2844.0731,2844,995.6040,996,1029.2827,1029,438.4749,438,101.3191,101,21.3776,21,125.2083,125,107.3578,107
33,3,5,8,-2,2841.8421,2842,993.7764,994,1027.9120,1028,437.8279,438,101.4440,101,21.4445,21,125.0388,125,107.1882,107
34,3,4,9,-1,2842.9511,2843,994.6849,995,1028.5934,1029,437.5063,438,101.5061,102,21.4778,21,125.1230,125,107.1040,107
35,4,4,8,0,2842.9511,2843,994.6849,995,1028.5934,1029,437.5063,438,101.5061,102,21.4778,21,125.1230,125,107.1040,107
36,2,2,12,0,2842.9511,2843,994.6849,995,1028.5934,1029,437.5063,438,101.5061,102,21.4778,21,125.1230,125,107.1040,107
37,2,3,11,-1,2844.0411,2844,995.5778,996,1027.9237,1028,437.1902,437,101.4451,101,21.5105,22,125.2059,125,107.1868,107
38,3,6,7,-3,2840.7895,2841,992.9142,993,1029.9214,1030,436.2473,436,101.2630,101,21.4129,21,125.4530,125,106.9397,107
39,7,3,6,4,2845.1006,2845,989.3825,989,1027.2727,1027,437.4975,437,101.5044,102,21.2836,21,125.1254,125,107.2673,107
40,2,7,7,-5,2839.7417,2840,984.9925,985,1023.9802,1024,439.0516,439,101.8045,102,21.4444,21,124.7181,125,107.6746,108
41,2,7,7,-5,2834.4124,2834,989.3583,989,1020.7059,1021,437.5061,438,101.5061,102,21.6043,22,125.1231,125,107.2696,107
42,7,6,3,1,2833.3524,2833,988.4899,988,1021.3571,1021,437.8135,438,101.5654,102,21.5725,22,125.2037,125,107.1890,107
43,5,4,7,1,2834.4067,2834,987.6262,988,1020.7094,1021,437.5077,438,101.5064,102,21.5408,22,125.2838,125,107.1089,107
44,4,6,6,-2,2836.5039,2837,985.9082,986,1021.9979,1022,436.8995,437,101.6238,102,21.6037,22,125.4432,125,106.9495,107
45,5,5,6,0,2836.5039,2837,985.9082,986,1021.9979,1022,436.8995,437,101.6238,102,21.6037,22,125.4432,125,106.9495,107
46,4,3,9,1,2837.5414,2838,985.0583,985,1022.6354,1023,436.5987,437,101.5657,102,21.5726,22,125.3643,125,106.8706,107
47,2,3,11,-1,2838.5734,2839,985.9037,986,1023.2694,1023,436.8980,437,101.6235,102,21.5417,22,125.2859,125,106.7922,107
48,3,4,9,-1,2839.6001,2840,986.7448,987,1023.9002,1024,436.6002,437,101.6810,102,21.5109,22,125.2079,125,106.7142,107
49,6,4,6,2,2841.6429,2842,985.0714,985,1025.1553,1025,436.0078,436,101.5666,102,21.4496,21,125.0526,125,106.8694,107
50,4,4,8,0,2841.6429,2842,985.0714,985,1025.1553,1025,436.0078,436,101.5666,102,21.4496,21,125.0526,125,106.8694,107
51,5,6,5,-1,2842.6539,2843,985.8996,986,1025.7765,1026,435.7146,436,101.5100,102,21.4192,21,124.9758,125,106.7926,107
52,6,7,3,-1,2843.6598,2844,985.0755,985,1026.3945,1026,435.4229,435,101.4537,101,21.3891,21,125.0522,125,106.7161,107
53,9,3,4,6,2837.6543,2838,989.9952,990,1030.0843,1030,437.1645,437,101.1174,101,21.5692,22,125.5087,126,106.2597,106
54,4,6,6,-2,2839.6463,2840,991.6270,992,1028.8605,1029,436.5868,437,101.0058,101,21.6290,22,125.6600,126,106.4111,106
55,4,8,4,-4,2835.6819,2836,988.3794,988,1031.2962,1031,437.7365,438,101.2278,101,21.7479,22,125.9613,126,106.1098,106
56,2,3,11,-1,2834.6956,2835,987.5715,988,1031.9021,1032,437.4505,437,101.1726,101,21.7183,22,125.8864,126,106.0349,106
57,5,2,9,3,2831.7510,2832,985.1593,985,1033.7113,1034,438.3044,438,101.0077,101,21.6300,22,125.6626,126,105.8111,106
58,5,5,6,0,2831.7510,2832,985.1593,985,1033.7113,1034,438.3044,438,101.0077,101,21.6300,22,125.6626,126,105.8111,106
59,5,6,5,-1,2832.7232,2833,984.3628,984,1033.1140,1033,438.0225,438,100.9532,101,21.6008,22,125.7365,126,105.7372,106
60,6,3,7,3,2829.8203,2830,986.7409,987,1031.3304,1031,438.8643,439,100.7907,101,21.5137,22,125.5159,126,105.5166,106
61,3,3,10,0,2829.8203,2830,986.7409,987,1031.3304,1031,438.8643,439,100.7907,101,21.5137,22,125.5159,126,105.5166,106
62,4,3,9,1,2828.8616,2829,987.5263,988,1031.9194,1032,439.1424,439,100.8444,101,21.5425,22,125.4430,125,105.4437,105
63,6,6,4,0,2828.8616,2829,987.5263,988,1031.9194,1032,439.1424,439,100.8444,101,21.5425,22,125.4430,125,105.4437,105
64,6,1,9,5,2833.6114,2834,991.4174,991,1034.8377,1035,440.5198,441,101.1104,101,21.6850,22,125.0820,125,105.8047,106
65,4,4,8,0,2833.6114,2834,991.4174,991,1034.8377,1035,440.5198,441,101.1104,101,21.6850,22,125.0820,125,105.8047,106
66,4,4,8,0,2833.6114,2834,991.4174,991,1034.8377,1035,440.5198,441,101.1104,101,21.6850,22,125.0820,125,105.8047,106
67,4,2,10,2,2835.4860,2835,992.9530,993,1035.9895,1036,441.0634,441,101.0054,101,21.6288,22,125.2245,125,105.9472,106
68,3,3,10,0,2835.4860,2835,992.9530,993,1035.9895,1036,441.0634,441,101.0054,101,21.6288,22,125.2245,125,105.9472,106
69,6,3,7,3,2832.6987,2833,995.2364,995,1034.2770,1034,441.8718,442,100.8493,101,21.5451,22,125.0126,125,105.7353,106
70,2,4,10,-2,2830.8485,2831,993.7207,994,1035.4137,1035,442.4083,442,100.7457,101,21.6006,22,125.1532,125,105.8759,106
71,3,3,10,0,2830.8485,2831,993.7207,994,1035.4137,1035,442.4083,442,100.7457,101,21.6006,22,125.1532,125,105.8759,106
72,5,2,9,3,2833.6001,2834,995.9748,996,1033.7231,1034,441.6104,442,100.8998,101,21.6832,22,125.3624,125,105.6668,106
73,5,3,8,2,2835.4268,2835,997.4712,997,1032.6008,1033,442.1401,442,101.0021,101,21.7380,22,125.5012,126,105.5280,106
74,4,4,8,0,2835.4268,2835,997.4712,997,1032.6008,1033,442.1401,442,101.0021,101,21.7380,22,125.5012,126,105.5280,106
75,2,3,11,-1,2836.3325,2836,996.7293,997,1033.1573,1033,442.4027,442,101.0528,101,21.7108,22,125.5700,126,105.4592,105
76,4,3,9,1,2837.2344,2837,995.9904,996,1032.6031,1033,442.1412,442,101.0023,101,21.6838,22,125.5015,126,105.5277,106
77,5,3,8,2,2839.0310,2839,997.4621,997,1031.4993,1031,442.6622,443,100.9017,101,21.6299,22,125.3649,125,105.6642,106
78,6,5,5,1,2838.1364,2838,998.1950,998,1030.9497,1031,442.4027,442,100.8516,101,21.6030,22,125.4329,125,105.5963,106
79,3,4,9,-1,2837.2454,2837,998.9249,999,1031.4971,1031,442.6611,443,100.8017,101,21.5763,22,125.5006,126,105.6640,106
80,5,4,7,1,2838.1328,2838,998.1979,998,1030.9519,1031,442.4038,442,100.7520,101,21.6029,22,125.4332,125,105.5965,106
81,6,7,3,-1,2837.2489,2837,998.9220,999,1031.4950,1031,442.1474,442,100.7025,101,21.6294,22,125.3660,125,105.6637,106
82,4,4,8,0,2837.2489,2837,998.9220,999,1031.4950,1031,442.1474,442,100.7025,101,21.6294,22,125.3660,125,105.6637,106
83,6,5,5,1,2838.1259,2838,999.6405,1000,1032.0338,1032,442.4018,442,100.6534,101,21.6031,22,125.4327,125,105.7304,106
84,4,6,6,-2,2839.8731,2840,1001.0718,1001,1033.1073,1033,442.9084,443,100.7512,101,21.6555,22,125.2999,125,105.5976,106
85,3,5,8,-2,2841.6135,2842,1002.4975,1002,1032.0379,1032,442.4037,442,100.6537,101,21.7077,22,125.1676,125,105.4653,105
86,2,7,7,-5,2837.2790,2837,998.9467,999,1034.7010,1035,441.1467,441,100.4110,100,21.8378,22,124.8382,125,105.1359,105
87,4,3,9,1,2836.4154,2836,999.6542,1000,1035.2316,1035,440.8963,441,100.3626,100,21.8119,22,124.9038,125,105.0702,105
88,3,2,11,1,2837.2758,2837,998.9494,999,1035.7602,1036,440.6468,441,100.3145,100,21.7861,22,124.9692,125,105.1356,105
89,5,3,8,2,2838.9900,2839,1000.3537,1000,1036.8134,1037,441.1439,441,100.2185,100,21.8375,22,125.0995,125,105.0053,105
90,4,5,7,-1,2838.1361,2838,1001.0533,1001,1036.2888,1036,441.3915,441,100.1706,100,21.8631,22,125.1644,125,105.0702,105
91,3,5,8,-2,2836.4345,2836,999.6593,1000,1035.2433,1035,441.8850,442,100.2659,100,21.9142,22,125.0351,125,105.1996,105
92,8,3,5,5,2840.6728,2841,1003.1313,1003,1037.8473,1038,443.1141,443,100.0286,100,21.7870,22,125.3572,125,104.8775,105
93,5,3,8,2,2842.3620,2842,1004.5151,1005,1036.8095,1037,443.6039,444,100.1232,100,21.8377,22,125.2288,125,104.7491,105
94,4,6,6,-2,2844.0450,2844,1005.8938,1006,1037.8436,1038,443.1159,443,100.0289,100,21.8882,22,125.3567,125,104.8770,105
95,4,2,10,2,2842.3680,2842,1007.2676,1007,1036.8133,1037,443.6022,444,99.9350,100,21.9385,22,125.2293,125,104.7495,105
96,4,5,7,-1,2841.5325,2842,1006.5832,1007,1037.3266,1037,443.8445,444,99.8882,100,21.9134,22,125.1658,125,104.8130,105
97,5,3,8,2,2839.8674,2840,1005.2191,1005,1036.3036,1036,443.3616,443,99.7950,100,21.8635,22,125.0392,125,104.6865,105
98,3,2,11,1,2839.0378,2839,1004.5395,1005,1036.8133,1037,443.1210,443,99.8414,100,21.8884,22,125.1023,125,104.6234,105
99,5,5,6,0,2839.0378,2839,1004.5395,1005,1036.8133,1037,443.1210,443,99.8414,100,21.8884,22,125.1023,125,104.6234,105
100,2,5,9,-3,2836.5663,2837,1002.5148,1003,1038.3318,1038,443.8378,444,99.7030,100,21.8142,22,124.9144,125,104.4356,104
101,4,5,7,-1,2837.3873,2837,1003.1874,1003,1037.8274,1038,443.5997,444,99.6571,100,21.7896,22,124.8520,125,104.3732,104
102,5,4,7,1,2836.5691,2837,1003.8577,1004,1037.3247,1037,443.3624,443,99.6112,100,21.7650,22,124.7899,125,104.3110,104
103,5,2,9,3,2834.1229,2834,1005.8616,1006,1035.8217,1036,444.0718,444,99.4743,99,21.6916,22,124.9758,125,104.4969,104
104,5,3,8,2,2832.4976,2832,1004.5302,1005,1034.8231,1035,443.6005,444,99.3832,99,21.6429,22,124.8523,125,104.3734,104
105,4,6,6,-2,2830.8777,2831,1005.8571,1006,1035.8183,1036,444.0702,444,99.2925,99,21.5943,22,124.7291,125,104.4965,104
106,4,5,7,-1,2830.0705,2830,1005.1959,1005,1036.3143,1036,443.8361,444,99.3377,99,21.6185,22,124.7905,125,104.5579,105
107,4,4,8,0,2830.0705,2830,1005.1959,1005,1036.3143,1036,443.8361,444,99.3377,99,21.6185,22,124.7905,125,104.5579,105
108,3,6,7,-3,2827.6648,2828,1007.1666,1007,1034.8363,1035,443.1385,443,99.2030,99,21.6907,22,124.6077,125,104.3750,104
109,1,7,8,-6,2822.8693,2823,1003.2380,1003,1031.8898,1032,444.5292,445,98.9345,99,21.8345,22,124.9721,125,104.7395,105
110,5,2,9,3,2820.4793,2820,1005.1959,1005,1030.4214,1030,443.8361,444,98.8006,99,21.9062,22,125.1538,125,104.9211,105
111,2,3,11,-1,2819.6852,2820,1005.8464,1006,1029.9335,1030,444.0664,444,98.8451,99,21.8824,22,125.0934,125,104.9815,105
112,6,2,8,4,2816.5190,2817,1003.2527,1003,1031.8788,1032,444.9846,445,98.6678,99,21.7874,22,125.3340,125,104.7409,105
113,4,5,7,-1,2815.7300,2816,1002.6064,1003,1032.3636,1032,445.2134,445,98.6236,99,21.8111,22,125.2741,125,104.8008,105
114,4,5,7,-1,2814.9435,2815,1001.9621,1002,1031.8804,1032,445.4415,445,98.5796,99,21.7875,22,125.2143,125,104.8606,105
115,4,4,8,0,2814.9435,2815,1001.9621,1002,1031.8804,1032,445.4415,445,98.5796,99,21.7875,22,125.2143,125,104.8606,105
116,5,4,7,1,2814.1619,2814,1001.3218,1001,1031.4002,1031,445.2148,445,98.5358,99,21.8110,22,125.1549,125,104.9200,105
117,5,1,10,4,2811.0454,2811,998.7687,999,1033.3150,1033,446.1186,446,98.3613,98,21.7175,22,124.9180,125,105.1569,105
118,8,3,5,5,2807.1617,2807,995.5873,996,1035.7011,1036,447.2449,447,98.1438,98,21.6010,22,125.2132,125,104.8617,105
119,4,5,7,-1,2807.9361,2808,996.2216,996,1036.1768,1036,447.4694,447,98.1871,98,21.5777,22,125.2721,125,104.8029,105
120,5,2,9,3,2810.2520,2810,994.3244,994,1037.5997,1038,448.1410,448,98.3168,98,21.5082,22,125.4481,125,104.9789,105
121,7,7,2,0,2810.2520,2810,994.3244,994,1037.5997,1038,448.1410,448,98.3168,98,21.5082,22,125.4481,125,104.9789,105
122,2,4,10,-2,2811.7866,2812,993.0673,993,1038.5426,1039,447.6960,448,98.2309,98,21.5543,22,125.3314,125,105.0955,105
123,3,5,8,-2,2810.2566,2810,994.3206,994,1039.4826,1039,448.1397,448,98.1452,98,21.6002,22,125.2152,125,105.2118,105
124,3,5,8,-2,2811.7820,2812,995.5702,996,1040.4198,1040,447.6973,448,98.2306,98,21.5544,22,125.3311,125,105.3277,105
125,4,3,9,1,2812.5424,2813,994.9473,995,1039.9526,1040,447.9179,448,98.2732,98,21.5772,22,125.2733,125,105.2699,105
126,3,5,8,-2,2811.0260,2811,996.1895,996,1040.8842,1041,447.4781,447,98.3581,98,21.5317,22,125.1580,125,105.3852,105
127,1,5,10,-4,2808.0022,2808,993.7124,994,1039.0264,1039,448.3550,448,98.5275,99,21.4410,21,124.9282,125,105.6150,106
128,8,4,4,4,2811.0172,2811,996.1823,996,1040.8788,1041,449.2294,449,98.3586,98,21.3506,21,125.1574,125,105.8441,106
129,3,5,8,-2,2809.5141,2810,997.4136,997,1041.8023,1042,448.7935,449,98.2745,98,21.3957,21,125.0431,125,105.9583,106
130,4,4,8,0,2809.5141,2810,997.4136,997,1041.8023,1042,448.7935,449,98.2745,98,21.3957,21,125.0431,125,105.9583,106
131,4,2,10,2,2808.0196,2808,998.6379,999,1042.7206,1043,448.3601,448,98.3581,98,21.4405,21,124.9296,125,105.8448,106
132,5,3,8,2,2809.5098,2810,999.8587,1000,1041.8050,1042,447.9279,448,98.4416,98,21.4852,21,124.8163,125,105.7315,106
133,2,6,8,-4,2806.5378,2807,997.4241,997,1043.6310,1044,447.0660,447,98.2752,98,21.3961,21,124.5904,125,105.5056,106
134,5,4,7,1,2807.2787,2807,996.8171,997,1043.1757,1043,446.8512,447,98.3167,98,21.4183,21,124.5341,125,105.5619,106
135,6,3,7,3,2805.0623,2805,998.6328,999,1044.5375,1045,447.4939,447,98.1925,98,21.4848,21,124.3657,124,105.3935,105
136,3,2,11,1,2804.3255,2804,999.2364,999,1044.9902,1045,447.2803,447,98.1513,98,21.5069,22,124.3097,124,105.3375,105
137,2,7,7,-5,2800.6519,2801,1002.2458,1002,1047.2472,1047,448.3456,448,97.9456,98,21.6171,22,124.0305,124,105.0583,105
138,2,6,8,-4,2797.7212,2798,1004.6466,1005,1045.4466,1045,449.1955,449,98.1097,98,21.5292,22,124.2532,124,105.2810,105
139,3,4,9,-1,2796.9905,2797,1005.2452,1005,1045.8955,1046,449.4074,449,98.1506,98,21.5072,22,124.3087,124,105.3366,105
140,4,8,4,-4,2799.9052,2800,1007.6329,1008,1047.6863,1048,448.5622,449,97.9874,98,21.4198,21,124.5303,125,105.1151,105
141,6,4,6,2,2801.3586,2801,1006.4423,1006,1046.7933,1047,448.9836,449,97.9060,98,21.4634,21,124.4198,124,105.0046,105
142,4,3,9,1,2802.0833,2802,1005.8486,1006,1046.3481,1046,449.1938,449,97.9466,98,21.4851,21,124.4749,124,104.9495,105
143,3,4,9,-1,2802.8061,2803,1005.2565,1005,1045.9040,1046,448.9842,449,97.9061,98,21.5068,22,124.5298,125,105.0045,105
144,3,1,12,2,2804.2478,2804,1006.4375,1006,1046.7898,1047,448.5661,449,97.9868,98,21.4636,21,124.4203,124,104.8949,105
145,3,5,8,-2,2802.8100,2803,1007.6154,1008,1045.9064,1046,448.9831,449,98.0673,98,21.4204,21,124.3110,124,104.7856,105
146,4,3,9,1,2802.0929,2802,1008.2028,1008,1045.4658,1045,448.7752,449,98.1075,98,21.3989,21,124.3655,124,104.8401,105
147,5,6,5,-1,2801.3778,2801,1007.6170,1008,1045.9052,1046,448.5678,449,98.0675,98,21.4204,21,124.3111,124,104.7857,105
148,3,5,8,-2,2799.9513,2800,1008.7856,1009,1045.0287,1045,448.9815,449,98.1473,98,21.3776,21,124.4195,124,104.6773,105
149,6,5,5,1,2800.6627,2801,1008.2028,1008,1045.4658,1045,448.7752,449,98.1075,98,21.3562,21,124.4736,124,104.7314,105
150,3,7,6,-4,2797.8244,2798,1010.5279,1011,1047.2096,1047,449.5982,450,97.9486,98,21.2711,21,124.6893,125,104.9471,105
151,5,4,7,1,2798.5321,2799,1011.1077,1011,1046.7748,1047,449.8035,450,97.9882,98,21.2923,21,124.7431,125,104.8933,105
152,8,3,5,5,2795.0026,2795,1008.2163,1008,1044.6062,1045,448.7799,449,97.7905,98,21.3982,21,124.4748,124,105.1616,105
153,5,4,7,1,2794.2985,2794,1008.7931,1009,1045.0388,1045,448.5757,449,97.8300,98,21.3771,21,124.4213,124,105.1081,105
154,5,6,5,-1,2793.5961,2794,1009.3684,1009,1044.6073,1045,448.7794,449,97.8693,98,21.3560,21,124.3680,124,105.1614,105
155,6,5,5,1,2792.8956,2793,1009.9423,1010,1045.0378,1045,448.9825,449,97.8301,98,21.3770,21,124.4212,124,105.2147,105
156,5,3,8,2,2791.4980,2791,1008.7974,1009,1044.1791,1044,448.5773,449,97.7518,98,21.4190,21,124.3150,124,105.3209,105
157,4,6,6,-2,2790.1039,2790,1009.9394,1010,1043.3226,1043,448.1730,448,97.6737,98,21.4608,21,124.4209,124,105.2149,105
158,5,6,5,-1,2790.7992,2791,1009.3698,1009,1042.8954,1043,448.3746,448,97.6348,98,21.4399,21,124.3681,124,105.2678,105
159,3,4,9,-1,2790.1057,2790,1009.9380,1010,1042.4692,1042,448.5757,449,97.6736,98,21.4191,21,124.4208,124,105.3205,105
160,6,3,7,3,2788.0301,2788,1011.6384,1012,1041.1940,1041,449.1777,449,97.7899,98,21.4814,21,124.2631,124,105.4782,105
161,3,3,10,0,2788.0301,2788,1011.6384,1012,1041.1940,1041,449.1777,449,97.7899,98,21.4814,21,124.2631,124,105.4782,105
162,7,3,6,4,2785.2761,2785,1009.3823,1009,1042.8860,1043,449.9763,450,97.6357,98,21.3988,21,124.4724,124,105.6875,106
163,7,3,6,4,2782.5289,2783,1007.1318,1007,1041.1981,1041,450.7730,451,97.4818,97,21.3164,21,124.6811,125,105.8963,106
164,5,1,10,4,2779.7883,2780,1009.3769,1009,1039.5143,1040,451.5678,452,97.3283,97,21.3986,21,124.4729,124,105.6880,106
165,5,4,7,1,2779.1048,2779,1009.9368,1010,1039.0943,1039,451.7660,452,97.3666,97,21.4191,21,124.4209,124,105.7400,106
166,4,4,8,0,2779.1048,2779,1009.9368,1010,1039.0943,1039,451.7660,452,97.3666,97,21.4191,21,124.4209,124,105.7400,106
167,4,4,8,0,2779.1048,2779,1009.9368,1010,1039.0943,1039,451.7660,452,97.3666,97,21.4191,21,124.4209,124,105.7400,106
168,3,5,8,-2,2780.4620,2780,1011.0487,1011,1038.2605,1038,452.1596,452,97.2906,97,21.3784,21,124.3178,124,105.8431,106
169,8,4,4,4,2777.7540,2778,1008.8302,1009,1039.9243,1040,451.3743,451,97.4423,97,21.2971,21,124.1120,124,105.6373,106
170,4,5,7,-1,2778.4294,2778,1008.2769,1008,1040.3393,1040,451.5701,452,97.4801,97,21.2769,21,124.0606,124,105.6887,106
171,3,4,9,-1,2779.1033,2779,1007.7249,1008,1040.7533,1041,451.7655,452,97.5178,98,21.2971,21,124.1118,124,105.7399,106
172,1,4,11,-3,2781.1201,2781,1006.0727,1006,1041.9924,1042,452.3504,452,97.4049,97,21.2366,21,124.2651,124,105.8931,106
173,7,3,6,4,2783.8029,2784,1003.8750,1004,1043.6407,1044,451.5724,452,97.2546,97,21.3171,21,124.0612,124,106.0970,106
174,2,4,10,-2,2782.4646,2782,1004.9713,1005,1042.8185,1043,451.9605,452,97.3296,97,21.3572,21,123.9595,124,105.9953,106
175,2,3,11,-1,2781.7970,2782,1004.4244,1004,1042.4083,1042,451.7669,452,97.3670,97,21.3372,21,123.9088,124,106.0461,106
176,6,2,8,4,2784.4613,2784,1002.2417,1002,1040.7713,1041,452.5396,453,97.5162,98,21.4171,21,124.1113,124,106.2486,106
177,3,1,12,2,2783.1322,2783,1003.3306,1003,1039.9547,1040,452.1541,452,97.4417,97,21.4570,21,124.0102,124,106.3496,106
178,6,2,8,4,2785.7844,2786,1005.5033,1006,1038.3251,1038,452.9233,453,97.2932,97,21.5366,22,124.2118,124,106.1480,106
179,5,4,7,1,2785.1229,2785,1006.0453,1006,1037.9186,1038,453.1151,453,97.2562,97,21.5564,22,124.2621,124,106.1983,106
180,3,2,11,1,2785.7830,2786,1005.5045,1006,1037.5131,1038,453.3065,453,97.2931,97,21.5366,22,124.3123,124,106.1481,106
181,5,4,7,1,2785.1244,2785,1006.0441,1006,1037.1084,1037,453.4975,453,97.3300,97,21.5168,22,124.3623,124,106.0981,106
182,4,3,9,1,2784.4672,2784,1005.5058,1006,1037.5122,1038,453.3070,453,97.3668,97,21.5366,22,124.4123,124,106.0481,106
183,9,2,5,7,2779.8774,2780,1009.2657,1009,1034.6922,1035,454.6380,455,97.1098,97,21.3989,21,124.7611,125,105.6993,106
184,4,6,6,-2,2781.1859,2781,1008.1938,1008,1033.8883,1034,455.0175,455,97.0365,97,21.4381,21,124.8605,125,105.5999,106
185,2,7,7,-5,2777.9219,2778,1005.5199,1006,1035.8937,1036,454.0709,454,96.8537,97,21.5360,22,125.1086,125,105.3518,105
186,3,4,9,-1,2777.2706,2777,1006.0535,1006,1036.2939,1036,453.8820,454,96.8902,97,21.5165,22,125.1581,125,105.3023,105
187,6,4,6,2,2778.5705,2779,1007.1184,1007,1035.4952,1035,453.5050,454,96.8174,97,21.4775,21,125.2569,125,105.4011,105
188,3,3,10,0,2778.5705,2779,1007.1184,1007,1035.4952,1035,453.5050,454,96.8174,97,21.4775,21,125.2569,125,105.4011,105
189,4,2,10,2,2777.2762,2777,1008.1787,1008,1036.2904,1036,453.1297,453,96.8899,97,21.5163,22,125.3552,125,105.4994,105
190,3,7,6,-4,2774.6932,2775,1010.2946,1010,1034.7035,1035,452.3806,452,97.0345,97,21.4388,21,125.1589,125,105.3031,105
191,1,6,9,-5,2777.9150,2778,1012.9339,1013,1036.6829,1037,453.3150,453,96.8541,97,21.5355,22,125.4038,125,105.5480,106
192,8,4,4,4,2780.4869,2780,1010.8270,1011,1038.2631,1038,454.0608,454,96.7101,97,21.6126,22,125.5993,126,105.7435,106
193,1,5,10,-4,2783.0534,2783,1012.9294,1013,1036.6863,1037,453.3165,453,96.5664,97,21.6896,22,125.4042,125,105.9385,106
194,4,5,7,-1,2782.4131,2782,1013.4539,1013,1036.2929,1036,453.1309,453,96.5305,97,21.7088,22,125.3555,125,105.8899,106
195,6,7,3,-1,2783.0521,2783,1013.9773,1014,1035.9004,1036,453.3162,453,96.4947,96,21.7280,22,125.4041,125,105.9384,106
196,5,4,7,1,2783.6896,2784,1013.4550,1013,1036.2921,1036,453.5011,454,96.4590,96,21.7471,22,125.3557,125,105.8900,106
197,4,4,8,0,2783.6896,2784,1013.4550,1013,1036.2921,1036,453.5011,454,96.4590,96,21.7471,22,125.3557,125,105.8900,106
198,6,3,7,3,2781.7849,2782,1015.0154,1015,1035.1218,1035,454.0534,454,96.5657,97,21.8043,22,125.5004,126,105.7452,106
199,6,6,4,0,2781.7849,2782,1015.0154,1015,1035.1218,1035,454.0534,454,96.5657,97,21.8043,22,125.5004,126,105.7452,106
200,5,5,6,0,2781.7849,2782,1015.0154,1015,1035.1218,1035,454.0534,454,96.5657,97,21.8043,22,125.5004,126,105.7452,106
201,2,2,12,0,2781.7849,2782,1015.0154,1015,1035.1218,1035,454.0534,454,96.5657,97,21.8043,22,125.5004,126,105.7452,106
202,1,4,11,-3,2779.8958,2780,1013.4679,1013,1033.9612,1034,454.6013,455,96.6715,97,21.8610,22,125.6440,126,105.6016,106
203,3,6,7,-3,2778.0106,2778,1015.0122,1015,1032.8029,1033,455.1480,455,96.7771,97,21.8044,22,125.7873,126,105.4583,105
204,5,5,6,0,2778.0106,2778,1015.0122,1015,1032.8029,1033,455.1480,455,96.7771,97,21.8044,22,125.7873,126,105.4583,105
205,5,1,10,4,2775.5071,2776,1017.0631,1017,1031.2648,1031,455.8740,456,96.9172,97,21.7293,22,125.5970,126,105.6486,106
206,5,5,6,0,2775.5071,2776,1017.0631,1017,1031.2648,1031,455.8740,456,96.9172,97,21.7293,22,125.5970,126,105.6486,106
207,4,2,10,2,2774.2604,2774,1018.0844,1018,1030.4988,1030,456.2355,456,96.8474,97,21.6919,22,125.6917,126,105.7434,106
208,4,3,9,1,2774.8825,2775,1017.5747,1018,1030.1166,1030,456.4159,456,96.8126,97,21.7106,22,125.7390,126,105.7906,106
209,3,3,10,0,2774.8825,2775,1017.5747,1018,1030.1166,1030,456.4159,456,96.8126,97,21.7106,22,125.7390,126,105.7906,106
210,6,4,6,2,2773.6432,2774,1018.5900,1019,1030.8780,1031,456.0565,456,96.7432,97,21.6734,22,125.6448,126,105.8848,106
211,2,5,9,-3,2771.7880,2772,1017.0701,1017,1029.7381,1030,455.5185,456,96.6393,97,21.7290,22,125.7858,126,105.7438,106
212,5,1,10,4,2769.3192,2769,1019.0926,1019,1028.2213,1028,454.8026,455,96.5011,97,21.8031,22,125.9735,126,105.5562,106
213,6,2,8,4,2771.7832,2772,1021.1110,1021,1029.7351,1030,455.5171,456,96.6390,97,21.8770,22,125.7862,126,105.7435,106
214,1,5,10,-4,2774.2423,2774,1019.0965,1019,1031.2460,1031,456.2303,456,96.5013,97,21.9508,22,125.9731,126,105.5566,106
215,4,2,10,2,2773.0151,2773,1018.0912,1018,1032.0000,1032,456.5861,457,96.5700,97,21.9140,22,126.0664,126,105.6498,106
216,5,6,5,-1,2772.4027,2772,1018.5929,1019,1032.3763,1032,456.7637,457,96.5357,97,21.9323,22,126.1129,126,105.6964,106
217,4,4,8,0,2772.4027,2772,1018.5929,1019,1032.3763,1032,456.7637,457,96.5357,97,21.9323,22,126.1129,126,105.6964,106
218,4,4,8,0,2772.4027,2772,1018.5929,1019,1032.3763,1032,456.7637,457,96.5357,97,21.9323,22,126.1129,126,105.6964,106
219,4,2,10,2,2771.1850,2771,1017.5953,1018,1031.6281,1032,457.1169,457,96.4676,96,21.9689,22,126.2055,126,105.6038,106
220,6,2,8,4,2768.7541,2769,1019.5867,1020,1033.1216,1033,457.8218,458,96.6037,97,21.8960,22,126.0207,126,105.4191,105
221,7,6,3,1,2768.1476,2768,1019.0898,1019,1033.4942,1033,457.9977,458,96.6376,97,21.9142,22,126.0668,126,105.3730,105
222,6,6,4,0,2768.1476,2768,1019.0898,1019,1033.4942,1033,457.9977,458,96.6376,97,21.9142,22,126.0668,126,105.3730,105
223,3,5,8,-2,2769.3561,2769,1018.0997,1018,1032.7517,1033,458.3482,458,96.7053,97,21.9504,22,125.9750,126,105.2811,105
224,5,3,8,2,2770.5624,2771,1017.1116,1017,1032.0106,1032,458.6980,459,96.6378,97,21.9866,22,126.0666,126,105.3728,105
225,4,3,9,1,2769.9604,2770,1017.6047,1018,1031.6407,1032,458.5234,459,96.6041,97,22.0047,22,126.0209,126,105.3271,105
226,1,7,8,-6,2773.5656,2774,1014.6513,1015,1029.4257,1029,457.4779,457,96.4022,96,21.8965,22,126.2949,126,105.6011,106
227,3,8,5,-5,2776.5644,2777,1012.1947,1012,1027.5832,1028,458.3476,458,96.2342,96,21.9865,22,126.5228,127,105.8290,106
228,5,2,9,3,2774.7685,2775,1010.7235,1011,1026.4798,1026,458.8684,459,96.3348,96,22.0403,22,126.3863,126,105.6925,106
229,5,3,8,2,2773.5734,2774,1009.7444,1010,1027.2140,1027,458.5218,459,96.4017,96,22.0762,22,126.2955,126,105.7833,106
230,3,4,9,-1,2772.9769,2773,1010.2331,1010,1026.8476,1027,458.3488,458,96.3683,96,22.0941,22,126.2501,126,105.7380,106
231,4,6,6,-2,2771.7862,2772,1011.2085,1011,1026.1160,1026,458.6942,459,96.4350,96,22.1298,22,126.1597,126,105.6475,106
232,4,3,9,1,2771.1920,2771,1011.6953,1012,1026.4811,1026,458.8665,459,96.4017,96,22.1476,22,126.1145,126,105.6023,106
233,4,7,5,-3,2769.4124,2769,1010.2375,1010,1025.3878,1025,459.3826,459,96.5014,97,22.2010,22,126.2497,126,105.7376,106
234,6,4,6,2,2770.5966,2771,1011.2076,1011,1026.1154,1026,459.0391,459,96.4351,96,22.2365,22,126.3397,126,105.6476,106
235,2,5,9,-3,2768.8235,2769,1012.6601,1013,1027.2048,1027,459.5533,460,96.3358,96,22.1834,22,126.2050,126,105.7823,106
236,5,4,7,1,2769.4135,2769,1012.1768,1012,1026.8423,1027,459.7244,460,96.3027,96,22.1657,22,126.1601,126,105.7375,106
237,6,6,4,0,2769.4135,2769,1012.1768,1012,1026.8423,1027,459.7244,460,96.3027,96,22.1657,22,126.1601,126,105.7375,106
238,3,8,5,-5,2766.4742,2766,1014.5847,1015,1028.6482,1029,458.8720,459,96.1381,96,22.0775,22,125.9367,126,105.5141,106
239,6,5,5,1,2765.8873,2766,1014.1040,1014,1029.0088,1029,459.0422,459,96.1053,96,22.0599,22,125.8921,126,105.4695,105
240,2,2,12,0,2765.8873,2766,1014.1040,1014,1029.0088,1029,459.0422,459,96.1053,96,22.0599,22,125.8921,126,105.4695,105
241,3,4,9,-1,2765.3026,2765,1013.6250,1014,1028.6495,1029,459.2118,459,96.1380,96,22.0774,22,125.9366,126,105.5139,106
242,7,3,6,4,2762.9677,2763,1011.7123,1012,1030.0840,1030,458.5347,459,96.0073,96,22.0074,22,125.7591,126,105.6914,106
243,2,6,8,-4,2760.6370,2761,1009.8029,1010,1031.5160,1032,459.2106,459,95.8767,96,21.9374,22,125.5820,126,105.5142,106
244,4,5,7,-1,2760.0553,2760,1009.3264,1009,1031.8734,1032,459.0419,459,95.9093,96,21.9549,22,125.5378,126,105.5584,106
245,6,2,8,4,2757.7327,2758,1007.4237,1007,1033.3005,1033,458.3683,458,96.0394,96,21.8852,22,125.3613,125,105.3819,105
246,3,6,7,-3,2755.9937,2756,1005.9992,1006,1032.2320,1032,457.8641,458,96.1368,96,21.9374,22,125.4934,125,105.2498,105
247,1,5,10,-4,2758.3083,2758,1004.1031,1004,1033.6541,1034,457.1928,457,96.2664,96,22.0068,22,125.3175,125,105.4257,105
248,6,7,3,-1,2757.7307,2758,1003.6299,1004,1034.0090,1034,457.0253,457,96.2340,96,21.9895,22,125.2736,125,105.3818,105
249,3,3,10,0,2757.7307,2758,1003.6299,1004,1034.0090,1034,457.0253,457,96.2340,96,21.9895,22,125.2736,125,105.3818,105
250,6,6,4,0,2757.7307,2758,1003.6299,1004,1034.0090,1034,457.0253,457,96.2340,96,21.9895,22,125.2736,125,105.3818,105
251,3,5,8,-2,2756.5813,2757,1002.6883,1003,1033.3029,1033,456.6920,457,96.1697,96,21.9550,22,125.3610,125,105.2944,105
252,7,3,6,4,2758.8761,2759,1000.8084,1001,1031.8929,1032,456.0265,456,96.0412,96,22.0239,22,125.1866,125,105.1200,105
253,6,0,10,6,2755.4397,2755,1003.6235,1004,1034.0042,1034,457.0230,457,95.8487,96,21.9208,22,124.9254,125,104.8589,105
254,5,5,6,0,2755.4397,2755,1003.6235,1004,1034.0042,1034,457.0230,457,95.8487,96,21.9208,22,124.9254,125,104.8589,105
255,2,6,8,-4,2757.7229,2758,1001.7531,1002,1032.6014,1033,457.6852,458,95.7209,96,21.9893,22,124.7519,125,104.6853,105
256,5,4,7,1,2757.1531,2757,1002.2199,1002,1032.2513,1032,457.5199,458,95.6890,96,21.9722,22,124.7952,125,104.6420,105
257,2,5,9,-3,2755.4464,2755,1000.8218,1001,1033.2999,1033,457.0250,457,95.7845,96,22.0234,22,124.6655,125,104.5123,105
258,2,4,10,-2,2756.5823,2757,1001.7523,1002,1032.6020,1033,457.3544,457,95.7209,96,21.9893,22,124.5792,125,104.4260,104
259,1,5,10,-4,2754.3143,2754,999.8944,1000,1031.2086,1031,458.0121,458,95.5939,96,22.0573,22,124.7515,125,104.5984,105
260,6,4,6,2,2755.4464,2755,1000.8218,1001,1030.5130,1031,458.3404,458,95.5305,96,22.0234,22,124.8376,125,104.6844,105
261,7,2,7,5,2758.2720,2758,1003.1365,1003,1028.7770,1029,459.1598,459,95.3723,95,22.1081,22,125.0523,125,104.4696,104
262,5,2,9,3,2756.5795,2757,1001.7500,1002,1029.8169,1030,458.6690,459,95.2775,95,22.0574,22,125.1809,125,104.5983,105
263,4,3,9,1,2757.1427,2757,1001.2886,1001,1029.4708,1029,458.8323,459,95.3090,95,22.0405,22,125.1381,125,104.5555,105
264,2,4,10,-2,2758.2674,2758,1000.3672,1000,1030.1618,1030,458.5062,459,95.2461,95,22.0067,22,125.2236,125,104.4700,104
265,5,6,5,-1,2758.8288,2759,1000.8271,1001,1029.8169,1030,458.3434,458,95.2775,95,21.9899,22,125.1809,125,104.5127,105
266,5,3,8,2,2759.9499,2760,1001.7455,1002,1029.1281,1029,458.6685,459,95.3403,95,21.9562,22,125.0957,125,104.5979,105
267,5,4,7,1,2760.5095,2761,1001.2871,1001,1028.7843,1029,458.5062,459,95.3716,95,21.9395,22,125.0532,125,104.6404,105
268,2,3,11,-1,2761.0682,2761,1000.8294,1001,1028.4410,1028,458.3442,458,95.4029,95,21.9227,22,125.0108,125,104.6829,105
269,2,1,13,1,2760.5104,2761,1001.2863,1001,1028.0983,1028,458.1824,458,95.4341,95,21.9394,22,125.0531,125,104.6405,105
270,2,6,8,-4,2758.2827,2758,999.4614,999,1029.4670,1029,458.8284,459,95.3094,95,21.8726,22,125.2224,125,104.4712,104
271,5,5,6,0,2758.2827,2758,999.4614,999,1029.4670,1029,458.8284,459,95.3094,95,21.8726,22,125.2224,125,104.4712,104
272,4,5,7,-1,2757.7276,2758,999.0067,999,1029.1259,1029,458.9894,459,95.2783,95,21.8559,22,125.1803,125,104.5134,105
273,3,3,10,0,2757.7276,2758,999.0067,999,1029.1259,1029,458.9894,459,95.2783,95,21.8559,22,125.1803,125,104.5134,105
274,6,3,7,3,2756.0675,2756,997.6467,998,1028.1059,1028,459.4708,459,95.3713,95,21.8061,22,125.3064,125,104.3872,104
275,4,2,10,2,2754.9625,2755,996.7415,997,1027.4270,1027,459.7913,460,95.3094,95,21.8393,22,125.2224,125,104.3032,104
276,7,6,3,1,2754.4109,2754,996.2896,996,1027.0881,1027,459.6313,460,95.3403,95,21.8558,22,125.2644,125,104.3451,104
277,1,2,13,-1,2753.8601,2754,996.7408,997,1027.4265,1027,459.4716,459,95.3711,95,21.8724,22,125.2225,125,104.3870,104
278,2,7,7,-5,2756.6096,2757,994.4884,994,1029.1158,1029,460.2689,460,95.5251,96,21.9548,22,125.4315,125,104.5960,105
279,5,5,6,0,2756.6096,2757,994.4884,994,1029.1158,1029,460.2689,460,95.5251,96,21.9548,22,125.4315,125,104.5960,105
280,2,3,11,-1,2757.1578,2757,994.9375,995,1028.7790,1029,460.1100,460,95.4944,95,21.9384,22,125.4731,125,104.6376,105
281,6,3,7,3,2755.5158,2756,996.2826,996,1029.7878,1030,459.6338,460,95.4024,95,21.9877,22,125.3483,125,104.7624,105
282,4,4,8,0,2755.5158,2756,996.2826,996,1029.7878,1030,459.6338,460,95.4024,95,21.9877,22,125.3483,125,104.7624,105
283,4,5,7,-1,2754.9701,2755,996.7296,997,1029.4526,1029,459.7920,460,95.3719,95,22.0040,22,125.3069,125,104.7209,105
284,3,3,10,0,2754.9701,2755,996.7296,997,1029.4526,1029,459.7920,460,95.3719,95,22.0040,22,125.3069,125,104.7209,105
285,3,5,8,-2,2753.8822,2754,995.8384,996,1030.1210,1030,460.1075,460,95.4328,95,21.9714,22,125.2242,125,104.8036,105
286,5,6,5,-1,2754.4253,2754,995.3934,995,1029.7873,1030,460.2650,460,95.4632,95,21.9877,22,125.2655,125,104.7623,105
287,5,5,6,0,2754.4253,2754,995.3934,995,1029.7873,1030,460.2650,460,95.4632,95,21.9877,22,125.2655,125,104.7623,105
288,6,4,6,2,2753.3423,2753,996.2806,996,1029.1219,1029,460.5791,461,95.5239,96,22.0202,22,125.3478,125,104.8447,105
289,5,3,8,2,2754.4237,2754,997.1665,997,1029.7863,1030,460.8927,461,95.5844,96,22.0526,22,125.4300,125,104.9268,105
290,3,3,10,0,2754.4237,2754,997.1665,997,1029.7863,1030,460.8927,461,95.5844,96,22.0526,22,125.4300,125,104.9268,105
291,5,5,6,0,2754.4237,2754,997.1665,997,1029.7863,1030,460.8927,461,95.5844,96,22.0526,22,125.4300,125,104.9268,105
292,5,5,6,0,2754.4237,2754,997.1665,997,1029.7863,1030,460.8927,461,95.5844,96,22.0526,22,125.4300,125,104.9268,105
293,5,4,7,1,2753.8862,2754,996.7262,997,1030.1165,1030,460.7369,461,95.5543,96,22.0687,22,125.3891,125,104.9677,105
294,4,4,8,0,2753.8862,2754,996.7262,997,1030.1165,1030,460.7369,461,95.5543,96,22.0687,22,125.3891,125,104.9677,105
295,5,5,6,0,2753.8862,2754,996.7262,997,1030.1165,1030,460.7369,461,95.5543,96,22.0687,22,125.3891,125,104.9677,105
296,5,4,7,1,2753.3512,2753,997.1645,997,1030.4452,1030,460.5817,461,95.5244,96,22.0527,22,125.3485,125,104.9270,105
297,6,1,9,5,2756.0225,2756,999.3528,999,1032.0865,1032,459.8070,460,95.3748,95,22.1328,22,125.5515,126,105.1300,105
298,5,6,5,-1,2755.4890,2755,998.9158,999,1031.7587,1032,459.6523,460,95.3449,95,22.1168,22,125.5109,126,105.1706,105
299,3,4,9,-1,2756.0217,2756,998.4794,998,1032.0860,1032,459.8068,460,95.3151,95,22.1328,22,125.5514,126,105.2111,105
300,3,3,10,0,2756.0217,2756,998.4794,998,1032.0860,1032,459.8068,460,95.3151,95,22.1328,22,125.5514,126,105.2111,105
301,4,5,7,-1,2755.4906,2755,998.9145,999,1031.7597,1032,459.9608,460,95.2853,95,22.1169,22,125.5110,126,105.1707,105
302,3,4,9,-1,2756.0209,2756,999.3490,999,1032.0855,1032,459.8070,460,95.3150,95,22.1328,22,125.5514,126,105.2110,105
303,5,4,7,1,2755.4913,2755,998.9152,999,1032.4109,1032,459.6534,460,95.3447,95,22.1169,22,125.5916,126,105.2513,105
304,1,5,10,-4,2757.6066,2758,997.1823,997,1031.1113,1031,459.0400,459,95.2262,95,22.1804,22,125.7524,126,105.4120,105
305,7,4,5,3,2756.0225,2756,995.8845,996,1032.0846,1032,458.5806,459,95.1375,95,22.1328,22,125.8728,126,105.2916,105
306,5,6,5,-1,2756.5498,2757,996.3165,996,1032.4086,1032,458.4277,458,95.1670,95,22.1486,22,125.8327,126,105.3317,105
307,3,4,9,-1,2756.0232,2756,996.7479,997,1032.0851,1032,458.5804,459,95.1965,95,22.1644,22,125.7927,126,105.3717,105
308,2,5,9,-3,2754.4458,2754,998.0400,998,1033.0542,1033,458.1229,458,95.1082,95,22.2118,22,125.6728,126,105.4916,105
309,7,3,6,4,2752.3457,2752,996.3196,996,1034.3445,1034,457.5139,458,94.9906,95,22.1488,22,125.5132,126,105.6512,106
310,4,5,7,-1,2752.8700,2753,995.8901,996,1034.6667,1035,457.6659,458,95.0199,95,22.1645,22,125.5530,126,105.6114,106
311,1,7,8,-6,2756.0113,2756,993.3167,993,1032.7366,1033,456.7549,457,95.1959,95,22.2587,22,125.7918,126,105.3726,105
312,8,5,3,3,2754.4428,2754,992.0319,992,1033.7003,1034,457.2098,457,95.2837,95,22.2117,22,125.6726,126,105.4918,105
313,6,6,4,0,2754.4428,2754,992.0319,992,1033.7003,1034,457.2098,457,95.2837,95,22.2117,22,125.6726,126,105.4918,105
314,3,2,11,1,2753.9215,2754,992.4589,992,1033.3800,1033,457.3610,457,95.2545,95,22.2273,22,125.6329,126,105.5314,106
315,3,3,10,0,2753.9215,2754,992.4589,992,1033.3800,1033,457.3610,457,95.2545,95,22.2273,22,125.6329,126,105.5314,106
316,5,4,7,1,2753.4016,2753,992.8848,993,1033.0606,1033,457.2102,457,95.2836,95,22.2117,22,125.6725,126,105.5710,106
317,1,3,12,-2,2752.3633,2752,993.7354,994,1032.4226,1032,456.9091,457,95.3418,95,22.1806,22,125.7514,126,105.6499,106
318,3,4,9,-1,2752.8817,2753,994.1601,994,1032.1041,1032,457.0594,457,95.3127,95,22.1961,22,125.7908,126,105.6105,106
319,5,5,6,0,2752.8817,2753,994.1601,994,1032.1041,1032,457.0594,457,95.3127,95,22.1961,22,125.7908,126,105.6105,106
320,5,5,6,0,2752.8817,2753,994.1601,994,1032.1041,1032,457.0594,457,95.3127,95,22.1961,22,125.7908,126,105.6105,106
321,3,2,11,1,2753.3980,2753,993.7372,994,1032.4213,1032,457.2092,457,95.3416,95,22.1806,22,125.7515,126,105.5712,106
322,5,4,7,1,2753.9136,2754,993.3148,993,1032.1045,1032,457.3587,457,95.3128,95,22.1652,22,125.7123,126,105.6104,106
323,2,3,11,-1,2753.3987,2753,992.8930,993,1031.7882,1032,457.5080,458,95.3416,95,22.1497,22,125.6732,126,105.6495,106
324,6,3,7,3,2754.9412,2755,994.1566,994,1032.7359,1033,457.9553,458,95.2552,95,22.1960,22,125.7904,126,105.7668,106
325,5,2,9,3,2753.4008,2753,995.4185,995,1031.7895,1032,458.4020,458,95.3415,95,22.1498,22,125.6734,126,105.8838,106
326,4,5,7,-1,2753.9136,2754,995.8386,996,1032.1045,1032,458.5507,459,95.3128,95,22.1344,22,125.7123,126,105.9228,106
327,6,8,2,-2,2754.9377,2755,996.6775,997,1031.4753,1031,458.8477,459,95.2554,95,22.1651,22,125.6345,126,106.0006,106
328,4,3,9,1,2754.4264,2754,996.2586,996,1031.1611,1031,458.6994,459,95.2268,95,22.1805,22,125.5956,126,105.9618,106
329,4,7,5,-3,2752.8943,2753,995.0036,995,1030.2199,1030,458.2551,458,95.1410,95,22.2264,22,125.4792,125,106.0782,106
330,5,4,7,1,2752.3843,2752,994.5858,995,1030.5332,1031,458.1072,458,95.1124,95,22.2111,22,125.4405,125,106.0395,106
331,4,4,8,0,2752.3843,2752,994.5858,995,1030.5332,1031,458.1072,458,95.1124,95,22.2111,22,125.4405,125,106.0395,106
332,4,5,7,-1,2752.8930,2753,995.0024,995,1030.8457,1031,458.2547,458,95.1409,95,22.2264,22,125.4018,125,106.0008,106
333,4,2,10,2,2751.8771,2752,995.8347,996,1030.2215,1030,458.5493,459,95.0840,95,22.2569,22,125.3246,125,106.0780,106
334,6,4,6,2,2750.8625,2751,995.0036,995,1030.8449,1031,458.2551,458,95.1408,95,22.2873,22,125.2475,125,106.1551,106
335,5,5,6,0,2750.8625,2751,995.0036,995,1030.8449,1031,458.2551,458,95.1408,95,22.2873,22,125.2475,125,106.1551,106
336,3,6,7,-3,2752.3803,2752,993.7602,994,1029.9123,1030,458.6953,459,95.0558,95,22.3328,22,125.3628,125,106.2705,106
337,3,5,8,-2,2753.3908,2753,992.9324,993,1030.5332,1031,458.4022,458,94.9992,95,22.3025,22,125.4396,125,106.1937,106
338,6,3,7,3,2754.9046,2755,994.1725,994,1031.4633,1031,458.8412,459,95.0840,95,22.2571,22,125.3246,125,106.0786,106
339,5,3,8,2,2755.9124,2756,993.3468,993,1030.8440,1031,459.1335,459,95.1405,95,22.2269,22,125.2480,125,106.0020,106
340,5,3,8,2,2754.9059,2755,994.1714,994,1030.2256,1030,458.8416,459,95.0841,95,22.1967,22,125.3245,125,106.0785,106
341,4,7,5,-3,2756.4137,2756,992.9362,993,1029.2992,1029,459.2789,459,94.9997,95,22.1514,22,125.2099,125,105.9639,106
342,8,1,7,7,2752.9001,2753,995.8146,996,1027.1404,1027,458.2599,458,94.8029,95,22.2568,22,124.9429,125,105.6969,106
343,5,4,7,1,2753.4014,2753,995.4039,995,1027.4484,1027,458.4053,458,94.7748,95,22.2418,22,124.9810,125,105.7350,106
344,4,4,8,0,2753.4014,2753,995.4039,995,1027.4484,1027,458.4053,458,94.7748,95,22.2418,22,124.9810,125,105.7350,106
345,4,5,7,-1,2753.9014,2754,995.8135,996,1027.7556,1028,458.5503,459,94.7468,95,22.2568,22,125.0190,125,105.7730,106
